<?xml version="1.0" encoding="UTF-8"?>
<metadata xml:lang="en"><Esri><CreaDate>20200505</CreaDate><CreaTime>10593700</CreaTime><ArcGISFormat>1.0</ArcGISFormat><SyncOnce>TRUE</SyncOnce><DataProperties><itemProps><itemLocation><linkage Sync="TRUE">file://\\GHYPLN-F0R17X2\C$\Users\shus\Desktop\ArcticToolsetICESat_2020_forPublic_final\Data\Greenland\Site1_Track20174_20051107_Portion_edit</linkage><protocol Sync="TRUE">Local Area Network</protocol></itemLocation></itemProps><copyHistory><copy source="C:\Users\shus\Desktop\ArcticToolsetICESat_2020_forPublic_final\Data\Greenland\Site1_new_2020\SHP\Site1_Track20174_20051107_Portion_edit" dest="\\GHYPLN-F0R17X2\C$\Users\shus\Desktop\ArcticToolsetICESat_2020_forPublic_final\Data\Greenland\Site1_Track20174_20051107_Portion_edit" date="20200506" time="15125900"></copy></copyHistory><lineage><Process Name="Add Field" ToolSource="c:\program files (x86)\arcgis\desktop10.3\ArcToolbox\Toolboxes\Data Management Tools.tbx\AddField" Date="20161110" Time="111700">AddField C:\Temp\Greenland\South\Temp\Site1_Track20174_20051107.shp ID SHORT # # # # NULLABLE NON_REQUIRED #</Process><Process Name="Calculate Field" ToolSource="c:\program files (x86)\arcgis\desktop10.3\ArcToolbox\Toolboxes\Data Management Tools.tbx\CalculateField" Date="20161110" Time="111714">CalculateField C:\Temp\Greenland\South\Temp\Site1_Track20174_20051107.shp ID SiteID VB #</Process><Process Name="Add Field" ToolSource="c:\program files (x86)\arcgis\desktop10.3\ArcToolbox\Toolboxes\Data Management Tools.tbx\AddField" Date="20161110" Time="112115">AddField C:\Temp\Greenland\South\Temp\Site1_Track20174_20051107.shp ID LONG # # # # NULLABLE NON_REQUIRED #</Process><Process Name="Calculate Field" ToolSource="c:\program files (x86)\arcgis\desktop10.3\ArcToolbox\Toolboxes\Data Management Tools.tbx\CalculateField" Date="20161110" Time="112134">CalculateField C:\Temp\Greenland\South\Temp\Site1_Track20174_20051107.shp ID SiteID VB #</Process><Process Name="Add Field" ToolSource="c:\program files (x86)\arcgis\desktop10.3\ArcToolbox\Toolboxes\Data Management Tools.tbx\AddField" Date="20161110" Time="112134">AddField C:\Temp\Greenland\South\Temp\Site1_Track20174_20051107.shp ID LONG # # # # NULLABLE NON_REQUIRED #</Process><Process Name="Calculate Field" ToolSource="c:\program files (x86)\arcgis\desktop10.3\ArcToolbox\Toolboxes\Data Management Tools.tbx\CalculateField" Date="20161110" Time="112136">CalculateField C:\Temp\Greenland\South\Temp\Site1_Track20174_20051107.shp ID SiteID VB #</Process><Process Name="Add Field" ToolSource="c:\program files (x86)\arcgis\desktop10.3\ArcToolbox\Toolboxes\Data Management Tools.tbx\AddField" Date="20161110" Time="112136">AddField C:\Temp\Greenland\South\Temp\Site1_Track20174_20051107.shp ID LONG # # # # NULLABLE NON_REQUIRED #</Process><Process Name="Calculate Field" ToolSource="c:\program files (x86)\arcgis\desktop10.3\ArcToolbox\Toolboxes\Data Management Tools.tbx\CalculateField" Date="20161110" Time="112137">CalculateField C:\Temp\Greenland\South\Temp\Site1_Track20174_20051107.shp ID SiteID VB #</Process><Process Name="Add Field" ToolSource="c:\program files (x86)\arcgis\desktop10.3\ArcToolbox\Toolboxes\Data Management Tools.tbx\AddField" Date="20161110" Time="131753">AddField C:\Temp\Greenland\South\Temp\Site1_Track20174_20051107.shp ID SHORT # # # # NULLABLE NON_REQUIRED #</Process><Process Name="Add Field" ToolSource="c:\program files (x86)\arcgis\desktop10.3\ArcToolbox\Toolboxes\Data Management Tools.tbx\AddField" Date="20161110" Time="132132">AddField C:\Temp\Greenland\South\Temp\Site1_Track20174_20051107.shp FPID LONG # # # # NULLABLE NON_REQUIRED #</Process><Process Name="Calculate Field" ToolSource="c:\program files (x86)\arcgis\desktop10.3\ArcToolbox\Toolboxes\Data Management Tools.tbx\CalculateField" Date="20161110" Time="132212">CalculateField C:\Temp\Greenland\South\Temp\Site1_Track20174_20051107.shp FPID [FID] VB #</Process><Process ToolSource="c:\program files (x86)\arcgis\desktop10.3\ArcToolbox\Toolboxes\Data Management Tools.tbx\CalculateField" Date="20161110" Time="134919">CalculateField Site1_Track20174_20051107 ID 1 VB #</Process><Process ToolSource="c:\program files (x86)\arcgis\desktop10.6\ArcToolbox\Toolboxes\Data Management Tools.tbx\CalculateField" Date="20200502" Time="105932">CalculateField Site1_Track20174_20051107_Portion LdRngOff [LdRgOff] VB #</Process><Process ToolSource="c:\program files (x86)\arcgis\desktop10.6\ArcToolbox\Toolboxes\Data Management Tools.tbx\DeleteField" Date="20200506" Time="151752">DeleteField Geenland Campaign;CycTrk;DEMElev;1stPkOff;2ndPkOff;maxPkPos;peakNum;maxEchoAm;BgNs;BgNsSDV;NsSDVtemp;MaxWFvalue;ReflcRt;GainV;SatInd;SatCorr;EleBiasCo;CldTopF;CldMlScaF;MRCL_af;RngCorrFlg;RefRng;Lat;Lon</Process><Process ToolSource="c:\program files (x86)\arcgis\desktop10.6\ArcToolbox\Toolboxes\Data Management Tools.tbx\CalculateField" Date="20200506" Time="151935">CalculateField Geenland validDEM [IceBridge] VB #</Process></lineage></DataProperties></Esri></metadata>
