<?xml version="1.0" encoding="UTF-8"?>
<metadata xml:lang="en"><Esri><CreaDate>20200506</CreaDate><CreaTime>14560700</CreaTime><ArcGISFormat>1.0</ArcGISFormat><SyncOnce>TRUE</SyncOnce><DataProperties><lineage><Process ToolSource="c:\program files (x86)\arcgis\desktop10.6\ArcToolbox\Toolboxes\Data Management Tools.tbx\CalculateField" Date="20200502" Time="105903">CalculateField Site1_2003-10-06 LdRngOff [LdRgOff] VB #</Process><Process ToolSource="c:\program files (x86)\arcgis\desktop10.6\ArcToolbox\Toolboxes\Data Management Tools.tbx\DeleteField" Date="20200506" Time="150406">DeleteField Desert CycTrk;Dis_km;DEMElev;LdRgOff;MaxAmpPs;maxPkPos;maxEchoAm;MaxWFvalue;ReflcRt;GainV;SatInd;SatCorr;CldTopF;CldMlScaF;MRCL_af;RngCorrFlg;RefRng;DiffCntMax</Process><Process ToolSource="c:\program files (x86)\arcgis\desktop10.6\ArcToolbox\Toolboxes\Data Management Tools.tbx\CalculateField" Date="20200506" Time="151015">CalculateField Desert validDEM [SRTM] VB #</Process></lineage><itemProps><itemLocation><linkage Sync="TRUE">file://\\GHYPLN-F0R17X2\C$\Users\shus\Desktop\ArcticToolsetICESat_2020_forPublic_final\Data\Desert\Desert</linkage><protocol Sync="TRUE">Local Area Network</protocol></itemLocation></itemProps><copyHistory><copy source="C:\Users\shus\Desktop\ArcticToolsetICESat_2020_forPublic_final\Data\Desert\Site1_new_2020\Desert" dest="\\GHYPLN-F0R17X2\C$\Users\shus\Desktop\ArcticToolsetICESat_2020_forPublic_final\Data\Desert\Desert" date="20200506" time="14565100"></copy></copyHistory></DataProperties></Esri></metadata>
